name,department,job title,email
Eve Thomas,Engineering,Consultant,eve.thomas@example.com
Grace Brown,Marketing,Supervisor,grace.brown@example.com
Carol Thomas,Customer Service,Manager,carol.thomas@example.com
Carol Johnson,Engineering,Consultant,carol.johnson@example.com
Frank Taylor,R&D,Supervisor,frank.taylor@example.com
Grace Smith,Marketing,Coordinator,grace.smith@example.com
David Davis,IT,Supervisor,david.davis@example.com
Grace White,HR,Coordinator,grace.white@example.com
David Wilson,Production,Specialist,david.wilson@example.com
Grace Smith,Sales,Director,grace.smith@example.com
Alice Taylor,Marketing,Director,alice.taylor@example.com
Jack Wilson,Finance,Engineer,jack.wilson@example.com
Hank Moore,Sales,Manager,hank.moore@example.com
Grace Thomas,Engineering,Coordinator,grace.thomas@example.com
Ivy Davis,R&D,Manager,ivy.davis@example.com
Bob White,HR,Manager,bob.white@example.com
Frank Taylor,Production,Engineer,frank.taylor@example.com
Hank Thomas,HR,Supervisor,hank.thomas@example.com
Eve Davis,IT,Director,eve.davis@example.com
Bob Wilson,Finance,Director,bob.wilson@example.com
Grace Anderson,Production,Manager,grace.anderson@example.com
Bob Thomas,Marketing,Supervisor,bob.thomas@example.com
David Smith,Production,Specialist,david.smith@example.com
Bob Taylor,IT,Engineer,bob.taylor@example.com
Hank Moore,Engineering,Engineer,hank.moore@example.com
Frank Anderson,Marketing,Consultant,frank.anderson@example.com
Bob Moore,IT,Assistant,bob.moore@example.com
Frank Anderson,Production,Consultant,frank.anderson@example.com
Grace Moore,HR,Coordinator,grace.moore@example.com
Grace Smith,Sales,Specialist,grace.smith@example.com
Jack Smith,Finance,Coordinator,jack.smith@example.com
Carol Davis,Finance,Specialist,carol.davis@example.com
Grace Anderson,HR,Coordinator,grace.anderson@example.com
Jack Wilson,Quality Assurance,Manager,jack.wilson@example.com
Jack White,Marketing,Technician,jack.white@example.com
Jack Smith,Sales,Coordinator,jack.smith@example.com
Alice Smith,Marketing,Director,alice.smith@example.com
Grace Thomas,Marketing,Specialist,grace.thomas@example.com
Frank Thomas,Customer Service,Specialist,frank.thomas@example.com
Jack Smith,Finance,Assistant,jack.smith@example.com
Carol Brown,Marketing,Technician,carol.brown@example.com
David Thomas,IT,Director,david.thomas@example.com
Jack Brown,Finance,Coordinator,jack.brown@example.com
Bob Anderson,IT,Analyst,bob.anderson@example.com
Hank Johnson,Customer Service,Technician,hank.johnson@example.com
David Taylor,R&D,Director,david.taylor@example.com
Alice White,Finance,Director,alice.white@example.com
Carol Johnson,Customer Service,Consultant,carol.johnson@example.com
Frank Wilson,Production,Manager,frank.wilson@example.com
Grace Johnson,IT,Director,grace.johnson@example.com
Grace White,Engineering,Coordinator,grace.white@example.com
Alice Moore,Finance,Coordinator,alice.moore@example.com
Hank White,Marketing,Manager,hank.white@example.com
Eve Wilson,Finance,Supervisor,eve.wilson@example.com
Hank Davis,Customer Service,Assistant,hank.davis@example.com
Hank Brown,IT,Specialist,hank.brown@example.com
Bob Anderson,Engineering,Technician,bob.anderson@example.com
Alice Smith,R&D,Supervisor,alice.smith@example.com
Bob Wilson,HR,Analyst,bob.wilson@example.com
Eve Moore,HR,Assistant,eve.moore@example.com
Alice Taylor,Sales,Coordinator,alice.taylor@example.com
Frank White,Engineering,Director,frank.white@example.com
Hank Johnson,Finance,Analyst,hank.johnson@example.com
Eve Anderson,R&D,Engineer,eve.anderson@example.com
David Brown,Engineering,Supervisor,david.brown@example.com
Alice Thomas,Customer Service,Assistant,alice.thomas@example.com
Grace Anderson,IT,Engineer,grace.anderson@example.com
Frank Wilson,HR,Director,frank.wilson@example.com
David Davis,Sales,Assistant,david.davis@example.com
Frank Davis,Quality Assurance,Analyst,frank.davis@example.com
David Thomas,Sales,Technician,david.thomas@example.com
Bob Smith,IT,Engineer,bob.smith@example.com
Bob Johnson,Quality Assurance,Coordinator,bob.johnson@example.com
Frank Thomas,Production,Technician,frank.thomas@example.com
Jack Thomas,Finance,Assistant,jack.thomas@example.com
Alice Johnson,HR,Coordinator,alice.johnson@example.com
Frank Anderson,R&D,Technician,frank.anderson@example.com
Frank Anderson,Sales,Coordinator,frank.anderson@example.com
Alice Thomas,IT,Assistant,alice.thomas@example.com
Hank Brown,Marketing,Specialist,hank.brown@example.com
Hank Moore,Sales,Supervisor,hank.moore@example.com
David Davis,Customer Service,Director,david.davis@example.com
Grace Davis,Engineering,Manager,grace.davis@example.com
Alice Smith,Finance,Assistant,alice.smith@example.com
Eve Brown,IT,Coordinator,eve.brown@example.com
David Anderson,Customer Service,Manager,david.anderson@example.com
Grace Davis,Sales,Analyst,grace.davis@example.com
Jack Davis,Quality Assurance,Engineer,jack.davis@example.com
Jack Johnson,Finance,Consultant,jack.johnson@example.com
Frank Anderson,Finance,Specialist,frank.anderson@example.com
David Wilson,Marketing,Supervisor,david.wilson@example.com
Grace Smith,Engineering,Analyst,grace.smith@example.com
Hank Wilson,Finance,Specialist,hank.wilson@example.com
Frank Thomas,R&D,Specialist,frank.thomas@example.com
Carol Anderson,R&D,Assistant,carol.anderson@example.com
Eve Anderson,Finance,Coordinator,eve.anderson@example.com
Bob Wilson,R&D,Assistant,bob.wilson@example.com
Hank Davis,Engineering,Consultant,hank.davis@example.com
Carol Brown,Finance,Manager,carol.brown@example.com
Eve Davis,Marketing,Engineer,eve.davis@example.com
